[
  {
    "dataDictionary": {
      "Title": "PDS4 Data Dictionary" ,
      "Version": "1.14.0.0" ,
      "Date": "Wed Aug 26 19:47:37 UTC 2020" ,
      "Description": "This document is a dump of the contents of the PDS4 Data Dictionary" ,
      "classDictionary": [
        {
          "class": {
            "identifier": "0001_NASA_PDS_1.img_surface.Commanded_Parameters" ,
            "title": "Commanded_Parameters" ,
            "registrationAuthorityId": "0001_NASA_PDS_1" ,
            "nameSpaceId": "img_surface" ,
            "steward": "img" ,
            "versionId": "1.0.0.0" ,
            "isAbstract": "false" ,
            "isDeprecated": "false" ,
            "description": "The Commanded_Parameters class contains attributes used to identify or describe the commands sent to a spacecraft to perform one or more actions resulting in the acquisition of the current data product. These are distinct from similar values in the root Surface_Imaging class which indicate the state of the image as acquired"
              , "associationList": [
             {"association": {
                "identifier": "0001_NASA_PDS_1.img_surface.Commanded_Parameters.img_surface.Instrument_Information" ,
                "title": "Instrument_Information" ,
                "assocType": "component_of" ,
                "isAttribute": "false" ,
                "isChoice": "false" ,
                "isAny": "false" ,
                "groupName": "null" ,
                "minimumCardinality": "0" ,
                "maximumCardinality": "1" ,
                "classOrder": "1010" ,
                "classId": [
                  "0001_NASA_PDS_1.img_surface.Instrument_Information"
                 ]
              }
            }
           , {"association": {
                "identifier": "0001_NASA_PDS_1.img_surface.Commanded_Parameters.img_surface.Image_Identifiers" ,
                "title": "Image_Identifiers" ,
                "assocType": "component_of" ,
                "isAttribute": "false" ,
                "isChoice": "false" ,
                "isAny": "false" ,
                "groupName": "null" ,
                "minimumCardinality": "0" ,
                "maximumCardinality": "1" ,
                "classOrder": "1020" ,
                "classId": [
                  "0001_NASA_PDS_1.img_surface.Image_Identifiers"
                 ]
              }
            }
           ]
          }
        }
      , {
          "class": {
            "identifier": "0001_NASA_PDS_1.img_surface.Derived_Product_Parameters" ,
            "title": "Derived_Product_Parameters" ,
            "registrationAuthorityId": "0001_NASA_PDS_1" ,
            "nameSpaceId": "img_surface" ,
            "steward": "img" ,
            "versionId": "1.0.0.0" ,
            "isAbstract": "false" ,
            "isDeprecated": "false" ,
            "description": "The Derived_Product_Parameters class contains attributes used to identify and describe processing performed on products in order to produce a higher level product."
              , "associationList": [
             {"association": {
                "identifier": "0001_NASA_PDS_1.img_surface.Derived_Product_Parameters.img_surface.derived_image_type_name" ,
                "title": "derived_image_type_name" ,
                "assocType": "attribute_of" ,
                "isAttribute": "true" ,
                "isChoice": "false" ,
                "isAny": "false" ,
                "groupName": "null" ,
                "minimumCardinality": "0" ,
                "maximumCardinality": "1" ,
                "classOrder": "1010" ,
                "attributeId": [
                  "0001_NASA_PDS_1.img_surface.Derived_Product_Parameters.img_surface.derived_image_type_name"
                 ]
              }
            }
           , {"association": {
                "identifier": "0001_NASA_PDS_1.img_surface.Derived_Product_Parameters.img_surface.horizon_mask_elevation" ,
                "title": "horizon_mask_elevation" ,
                "assocType": "attribute_of" ,
                "isAttribute": "true" ,
                "isChoice": "false" ,
                "isAny": "false" ,
                "groupName": "null" ,
                "minimumCardinality": "0" ,
                "maximumCardinality": "1" ,
                "classOrder": "1020" ,
                "attributeId": [
                  "0001_NASA_PDS_1.img_surface.Derived_Product_Parameters.img_surface.horizon_mask_elevation"
                 ]
              }
            }
           , {"association": {
                "identifier": "0001_NASA_PDS_1.img_surface.Derived_Product_Parameters.img_surface.Placement_Target_Instrument" ,
                "title": "Placement_Target_Instrument" ,
                "assocType": "component_of" ,
                "isAttribute": "false" ,
                "isChoice": "false" ,
                "isAny": "false" ,
                "groupName": "null" ,
                "minimumCardinality": "0" ,
                "maximumCardinality": "1" ,
                "classOrder": "1030" ,
                "classId": [
                  "0001_NASA_PDS_1.img_surface.Placement_Target_Instrument"
                 ]
              }
            }
           , {"association": {
                "identifier": "0001_NASA_PDS_1.img_surface.Derived_Product_Parameters.img_surface.Vector_Range_Origin" ,
                "title": "Vector_Range_Origin" ,
                "assocType": "component_of" ,
                "isAttribute": "false" ,
                "isChoice": "false" ,
                "isAny": "false" ,
                "groupName": "null" ,
                "minimumCardinality": "0" ,
                "maximumCardinality": "1" ,
                "classOrder": "1040" ,
                "classId": [
                  "0001_NASA_PDS_1.img_surface.Vector_Range_Origin"
                 ]
              }
            }
           , {"association": {
                "identifier": "0001_NASA_PDS_1.img_surface.Derived_Product_Parameters.geom.Coordinate_Space_Reference" ,
                "title": "Coordinate_Space_Reference" ,
                "assocType": "component_of" ,
                "isAttribute": "false" ,
                "isChoice": "false" ,
                "isAny": "false" ,
                "groupName": "null" ,
                "minimumCardinality": "0" ,
                "maximumCardinality": "1" ,
                "classOrder": "1050" ,
                "classId": [
                  "0001_NASA_PDS_1.geom.Coordinate_Space_Reference"
                 ]
              }
            }
           ]
          }
        }
      , {
          "class": {
            "identifier": "0001_NASA_PDS_1.img_surface.Error_Model" ,
            "title": "Error_Model" ,
            "registrationAuthorityId": "0001_NASA_PDS_1" ,
            "nameSpaceId": "img_surface" ,
            "steward": "img" ,
            "versionId": "1.0.0.0" ,
            "isAbstract": "false" ,
            "isDeprecated": "false" ,
            "description": "The Error_Model class specifies the name of the error model used, a reference to the algorithm descriptions, and the parameters needed for that algorithm. The specific set of values is determined by each individual missions."
              , "associationList": [
             {"association": {
                "identifier": "0001_NASA_PDS_1.img_surface.Error_Model.img_surface.error_model_name" ,
                "title": "error_model_name" ,
                "assocType": "attribute_of" ,
                "isAttribute": "true" ,
                "isChoice": "false" ,
                "isAny": "false" ,
                "groupName": "null" ,
                "minimumCardinality": "1" ,
                "maximumCardinality": "1" ,
                "classOrder": "1010" ,
                "attributeId": [
                  "0001_NASA_PDS_1.img_surface.Error_Model.img_surface.error_model_name"
                 ]
              }
            }
           , {"association": {
                "identifier": "0001_NASA_PDS_1.img_surface.Error_Model.img_surface.Error_Model_Parameter" ,
                "title": "Error_Model_Parameter" ,
                "assocType": "component_of" ,
                "isAttribute": "false" ,
                "isChoice": "false" ,
                "isAny": "false" ,
                "groupName": "null" ,
                "minimumCardinality": "1" ,
                "maximumCardinality": "*" ,
                "classOrder": "1020" ,
                "classId": [
                  "0001_NASA_PDS_1.img_surface.Error_Model_Parameter"
                 ]
              }
            }
           , {"association": {
                "identifier": "0001_NASA_PDS_1.img_surface.Error_Model.pds.Internal_Reference" ,
                "title": "Internal_Reference" ,
                "assocType": "component_of" ,
                "isAttribute": "false" ,
                "isChoice": "false" ,
                "isAny": "false" ,
                "groupName": "null" ,
                "minimumCardinality": "0" ,
                "maximumCardinality": "1" ,
                "classOrder": "1030" ,
                "classId": [
                  "0001_NASA_PDS_1.pds.Internal_Reference"
                 ]
              }
            }
           ]
          }
        }
      , {
          "class": {
            "identifier": "0001_NASA_PDS_1.img_surface.Error_Model_Parameter" ,
            "title": "Error_Model_Parameter" ,
            "registrationAuthorityId": "0001_NASA_PDS_1" ,
            "nameSpaceId": "img_surface" ,
            "steward": "img" ,
            "versionId": "1.0.0.0" ,
            "isAbstract": "false" ,
            "isDeprecated": "false" ,
            "description": "The Error_Model_Parameter class specifies name and value for a parameter defined by the error model described by the parent class."
              , "associationList": [
             {"association": {
                "identifier": "0001_NASA_PDS_1.img_surface.Error_Model_Parameter.pds.name" ,
                "title": "name" ,
                "assocType": "attribute_of" ,
                "isAttribute": "true" ,
                "isChoice": "false" ,
                "isAny": "false" ,
                "groupName": "null" ,
                "minimumCardinality": "1" ,
                "maximumCardinality": "1" ,
                "classOrder": "1010" ,
                "attributeId": [
                  "0001_NASA_PDS_1.img_surface.Error_Model_Parameter.pds.name"
                 ]
              }
            }
           , {"association": {
                "identifier": "0001_NASA_PDS_1.img_surface.Error_Model_Parameter.pds.value" ,
                "title": "value" ,
                "assocType": "attribute_of" ,
                "isAttribute": "true" ,
                "isChoice": "false" ,
                "isAny": "false" ,
                "groupName": "null" ,
                "minimumCardinality": "1" ,
                "maximumCardinality": "1" ,
                "classOrder": "1020" ,
                "attributeId": [
                  "0001_NASA_PDS_1.img_surface.Error_Model_Parameter.pds.value"
                 ]
              }
            }
           ]
          }
        }
      , {
          "class": {
            "identifier": "0001_NASA_PDS_1.img_surface.Error_Pixel" ,
            "title": "Error_Pixel" ,
            "registrationAuthorityId": "0001_NASA_PDS_1" ,
            "nameSpaceId": "img_surface" ,
            "steward": "img" ,
            "versionId": "1.0.0.0" ,
            "isAbstract": "false" ,
            "isDeprecated": "false" ,
            "description": " The Error_Pixel class specifies the line and sample in the image where an error occurred."
              , "associationList": [
             {"association": {
                "identifier": "0001_NASA_PDS_1.img_surface.Error_Pixel.img_surface.line" ,
                "title": "line" ,
                "assocType": "attribute_of" ,
                "isAttribute": "true" ,
                "isChoice": "false" ,
                "isAny": "false" ,
                "groupName": "null" ,
                "minimumCardinality": "1" ,
                "maximumCardinality": "1" ,
                "classOrder": "1010" ,
                "attributeId": [
                  "0001_NASA_PDS_1.img_surface.Error_Pixel.img_surface.line"
                 ]
              }
            }
           , {"association": {
                "identifier": "0001_NASA_PDS_1.img_surface.Error_Pixel.img_surface.sample" ,
                "title": "sample" ,
                "assocType": "attribute_of" ,
                "isAttribute": "true" ,
                "isChoice": "false" ,
                "isAny": "false" ,
                "groupName": "null" ,
                "minimumCardinality": "1" ,
                "maximumCardinality": "1" ,
                "classOrder": "1020" ,
                "attributeId": [
                  "0001_NASA_PDS_1.img_surface.Error_Pixel.img_surface.sample"
                 ]
              }
            }
           ]
          }
        }
      , {
          "class": {
            "identifier": "0001_NASA_PDS_1.img_surface.Geometry_Projection" ,
            "title": "Geometry_Projection" ,
            "registrationAuthorityId": "0001_NASA_PDS_1" ,
            "nameSpaceId": "img_surface" ,
            "steward": "img" ,
            "versionId": "1.0.0.0" ,
            "isAbstract": "false" ,
            "isDeprecated": "false" ,
            "description": "The Geometry_Projection describes the geometric projection or warping the image has undergone. It is not the intent of this class to describe map projections, but rather image warps such as linearization (stereo epipolar alignment), geometric sensor correction, or rubber-sheeting. If present, a linearization partner image can be referenced using either an Internal_Reference or External_Reference."
              , "associationList": [
             {"association": {
                "identifier": "0001_NASA_PDS_1.img_surface.Geometry_Projection.img_surface.linearization_mode" ,
                "title": "linearization_mode" ,
                "assocType": "attribute_of" ,
                "isAttribute": "true" ,
                "isChoice": "false" ,
                "isAny": "false" ,
                "groupName": "null" ,
                "minimumCardinality": "0" ,
                "maximumCardinality": "1" ,
                "classOrder": "1010" ,
                "attributeId": [
                  "0001_NASA_PDS_1.img_surface.Geometry_Projection.img_surface.linearization_mode"
                 ]
              }
            }
           , {"association": {
                "identifier": "0001_NASA_PDS_1.img_surface.Geometry_Projection.img_surface.linearization_mode_fov" ,
                "title": "linearization_mode_fov" ,
                "assocType": "attribute_of" ,
                "isAttribute": "true" ,
                "isChoice": "false" ,
                "isAny": "false" ,
                "groupName": "null" ,
                "minimumCardinality": "0" ,
                "maximumCardinality": "1" ,
                "classOrder": "1020" ,
                "attributeId": [
                  "0001_NASA_PDS_1.img_surface.Geometry_Projection.img_surface.linearization_mode_fov"
                 ]
              }
            }
           , {"association": {
                "identifier": "0001_NASA_PDS_1.img_surface.Geometry_Projection.img_surface.geometry_projection_type" ,
                "title": "geometry_projection_type" ,
                "assocType": "attribute_of" ,
                "isAttribute": "true" ,
                "isChoice": "false" ,
                "isAny": "false" ,
                "groupName": "null" ,
                "minimumCardinality": "0" ,
                "maximumCardinality": "1" ,
                "classOrder": "1030" ,
                "attributeId": [
                  "0001_NASA_PDS_1.img_surface.Geometry_Projection.img_surface.geometry_projection_type"
                 ]
              }
            }
           , {"association": {
                "identifier": "0001_NASA_PDS_1.img_surface.Geometry_Projection.pds.Internal_Reference" ,
                "title": "Internal_Reference" ,
                "assocType": "component_of" ,
                "isAttribute": "false" ,
                "isChoice": "true" ,
                "isAny": "false" ,
                "groupName": "XSChoice#45" ,
                "minimumCardinality": "0" ,
                "maximumCardinality": "1" ,
                "classOrder": "1050" ,
                "classId": [
                  "0001_NASA_PDS_1.pds.Internal_Reference",
                  "0001_NASA_PDS_1.pds.External_Reference"
                 ]
              }
            }
           ]
          }
        }
      , {
          "class": {
            "identifier": "0001_NASA_PDS_1.img_surface.Image_Identifiers" ,
            "title": "Image_Identifiers" ,
            "registrationAuthorityId": "0001_NASA_PDS_1" ,
            "nameSpaceId": "img_surface" ,
            "steward": "img" ,
            "versionId": "1.0.0.0" ,
            "isAbstract": "false" ,
            "isDeprecated": "false" ,
            "description": "The Image_Identifiers class contains items that help to identify the image or guide how processing should be done to the image."
              , "associationList": [
             {"association": {
                "identifier": "0001_NASA_PDS_1.img_surface.Image_Identifiers.img_surface.image_id" ,
                "title": "image_id" ,
                "assocType": "attribute_of" ,
                "isAttribute": "true" ,
                "isChoice": "false" ,
                "isAny": "false" ,
                "groupName": "null" ,
                "minimumCardinality": "0" ,
                "maximumCardinality": "1" ,
                "classOrder": "1010" ,
                "attributeId": [
                  "0001_NASA_PDS_1.img_surface.Image_Identifiers.img_surface.image_id"
                 ]
              }
            }
           , {"association": {
                "identifier": "0001_NASA_PDS_1.img_surface.Image_Identifiers.img_surface.image_id_2" ,
                "title": "image_id_2" ,
                "assocType": "attribute_of" ,
                "isAttribute": "true" ,
                "isChoice": "false" ,
                "isAny": "false" ,
                "groupName": "null" ,
                "minimumCardinality": "0" ,
                "maximumCardinality": "1" ,
                "classOrder": "1020" ,
                "attributeId": [
                  "0001_NASA_PDS_1.img_surface.Image_Identifiers.img_surface.image_id_2"
                 ]
              }
            }
           , {"association": {
                "identifier": "0001_NASA_PDS_1.img_surface.Image_Identifiers.img_surface.mosaic_id" ,
                "title": "mosaic_id" ,
                "assocType": "attribute_of" ,
                "isAttribute": "true" ,
                "isChoice": "false" ,
                "isAny": "false" ,
                "groupName": "null" ,
                "minimumCardinality": "0" ,
                "maximumCardinality": "1" ,
                "classOrder": "1030" ,
                "attributeId": [
                  "0001_NASA_PDS_1.img_surface.Image_Identifiers.img_surface.mosaic_id"
                 ]
              }
            }
           , {"association": {
                "identifier": "0001_NASA_PDS_1.img_surface.Image_Identifiers.img_surface.mesh_id" ,
                "title": "mesh_id" ,
                "assocType": "attribute_of" ,
                "isAttribute": "true" ,
                "isChoice": "false" ,
                "isAny": "false" ,
                "groupName": "null" ,
                "minimumCardinality": "0" ,
                "maximumCardinality": "1" ,
                "classOrder": "1040" ,
                "attributeId": [
                  "0001_NASA_PDS_1.img_surface.Image_Identifiers.img_surface.mesh_id"
                 ]
              }
            }
           , {"association": {
                "identifier": "0001_NASA_PDS_1.img_surface.Image_Identifiers.img_surface.stereo_match_id" ,
                "title": "stereo_match_id" ,
                "assocType": "attribute_of" ,
                "isAttribute": "true" ,
                "isChoice": "false" ,
                "isAny": "false" ,
                "groupName": "null" ,
                "minimumCardinality": "0" ,
                "maximumCardinality": "1" ,
                "classOrder": "1050" ,
                "attributeId": [
                  "0001_NASA_PDS_1.img_surface.Image_Identifiers.img_surface.stereo_match_id"
                 ]
              }
            }
           , {"association": {
                "identifier": "0001_NASA_PDS_1.img_surface.Image_Identifiers.img_surface.start_image_id" ,
                "title": "start_image_id" ,
                "assocType": "attribute_of" ,
                "isAttribute": "true" ,
                "isChoice": "false" ,
                "isAny": "false" ,
                "groupName": "null" ,
                "minimumCardinality": "0" ,
                "maximumCardinality": "1" ,
                "classOrder": "1060" ,
                "attributeId": [
                  "0001_NASA_PDS_1.img_surface.Image_Identifiers.img_surface.start_image_id"
                 ]
              }
            }
           , {"association": {
                "identifier": "0001_NASA_PDS_1.img_surface.Image_Identifiers.img_surface.observation_number" ,
                "title": "observation_number" ,
                "assocType": "attribute_of" ,
                "isAttribute": "true" ,
                "isChoice": "false" ,
                "isAny": "false" ,
                "groupName": "null" ,
                "minimumCardinality": "0" ,
                "maximumCardinality": "1" ,
                "classOrder": "1070" ,
                "attributeId": [
                  "0001_NASA_PDS_1.img_surface.Image_Identifiers.img_surface.observation_number"
                 ]
              }
            }
           , {"association": {
                "identifier": "0001_NASA_PDS_1.img_surface.Image_Identifiers.img_surface.parameter_table_number" ,
                "title": "parameter_table_number" ,
                "assocType": "attribute_of" ,
                "isAttribute": "true" ,
                "isChoice": "false" ,
                "isAny": "false" ,
                "groupName": "null" ,
                "minimumCardinality": "0" ,
                "maximumCardinality": "1" ,
                "classOrder": "1080" ,
                "attributeId": [
                  "0001_NASA_PDS_1.img_surface.Image_Identifiers.img_surface.parameter_table_number"
                 ]
              }
            }
           ]
          }
        }
      , {
          "class": {
            "identifier": "0001_NASA_PDS_1.img_surface.Instrument_Information" ,
            "title": "Instrument_Information" ,
            "registrationAuthorityId": "0001_NASA_PDS_1" ,
            "nameSpaceId": "img_surface" ,
            "steward": "img" ,
            "versionId": "1.0.0.0" ,
            "isAbstract": "false" ,
            "isDeprecated": "false" ,
            "description": "The Instrument_Information class specifies information about the configuration of the instrument as it acquired this observation."
              , "associationList": [
             {"association": {
                "identifier": "0001_NASA_PDS_1.img_surface.Instrument_Information.img_surface.image_type" ,
                "title": "image_type" ,
                "assocType": "attribute_of" ,
                "isAttribute": "true" ,
                "isChoice": "false" ,
                "isAny": "false" ,
                "groupName": "null" ,
                "minimumCardinality": "0" ,
                "maximumCardinality": "1" ,
                "classOrder": "1010" ,
                "attributeId": [
                  "0001_NASA_PDS_1.img_surface.Instrument_Information.img_surface.image_type"
                 ]
              }
            }
           , {"association": {
                "identifier": "0001_NASA_PDS_1.img_surface.Instrument_Information.img_surface.image_acquire_mode" ,
                "title": "image_acquire_mode" ,
                "assocType": "attribute_of" ,
                "isAttribute": "true" ,
                "isChoice": "false" ,
                "isAny": "false" ,
                "groupName": "null" ,
                "minimumCardinality": "0" ,
                "maximumCardinality": "1" ,
                "classOrder": "1020" ,
                "attributeId": [
                  "0001_NASA_PDS_1.img_surface.Instrument_Information.img_surface.image_acquire_mode"
                 ]
              }
            }
           , {"association": {
                "identifier": "0001_NASA_PDS_1.img_surface.Instrument_Information.img_surface.instrument_type" ,
                "title": "instrument_type" ,
                "assocType": "attribute_of" ,
                "isAttribute": "true" ,
                "isChoice": "false" ,
                "isAny": "false" ,
                "groupName": "null" ,
                "minimumCardinality": "0" ,
                "maximumCardinality": "1" ,
                "classOrder": "1030" ,
                "attributeId": [
                  "0001_NASA_PDS_1.img_surface.Instrument_Information.img_surface.instrument_type"
                 ]
              }
            }
           , {"association": {
                "identifier": "0001_NASA_PDS_1.img_surface.Instrument_Information.img_surface.instrument_mode_id" ,
                "title": "instrument_mode_id" ,
                "assocType": "attribute_of" ,
                "isAttribute": "true" ,
                "isChoice": "false" ,
                "isAny": "false" ,
                "groupName": "null" ,
                "minimumCardinality": "0" ,
                "maximumCardinality": "1" ,
                "classOrder": "1040" ,
                "attributeId": [
                  "0001_NASA_PDS_1.img_surface.Instrument_Information.img_surface.instrument_mode_id"
                 ]
              }
            }
           , {"association": {
                "identifier": "0001_NASA_PDS_1.img_surface.Instrument_Information.img_surface.instrument_serial_number" ,
                "title": "instrument_serial_number" ,
                "assocType": "attribute_of" ,
                "isAttribute": "true" ,
                "isChoice": "false" ,
                "isAny": "false" ,
                "groupName": "null" ,
                "minimumCardinality": "0" ,
                "maximumCardinality": "1" ,
                "classOrder": "1050" ,
                "attributeId": [
                  "0001_NASA_PDS_1.img_surface.Instrument_Information.img_surface.instrument_serial_number"
                 ]
              }
            }
           , {"association": {
                "identifier": "0001_NASA_PDS_1.img_surface.Instrument_Information.img_surface.instrument_version_number" ,
                "title": "instrument_version_number" ,
                "assocType": "attribute_of" ,
                "isAttribute": "true" ,
                "isChoice": "false" ,
                "isAny": "false" ,
                "groupName": "null" ,
                "minimumCardinality": "0" ,
                "maximumCardinality": "1" ,
                "classOrder": "1060" ,
                "attributeId": [
                  "0001_NASA_PDS_1.img_surface.Instrument_Information.img_surface.instrument_version_number"
                 ]
              }
            }
           , {"association": {
                "identifier": "0001_NASA_PDS_1.img_surface.Instrument_Information.img_surface.ops_instrument_key" ,
                "title": "ops_instrument_key" ,
                "assocType": "attribute_of" ,
                "isAttribute": "true" ,
                "isChoice": "false" ,
                "isAny": "false" ,
                "groupName": "null" ,
                "minimumCardinality": "0" ,
                "maximumCardinality": "*" ,
                "classOrder": "1070" ,
                "attributeId": [
                  "0001_NASA_PDS_1.img_surface.Instrument_Information.img_surface.ops_instrument_key"
                 ]
              }
            }
           , {"association": {
                "identifier": "0001_NASA_PDS_1.img_surface.Instrument_Information.img_surface.camera_model_serial_number" ,
                "title": "camera_model_serial_number" ,
                "assocType": "attribute_of" ,
                "isAttribute": "true" ,
                "isChoice": "false" ,
                "isAny": "false" ,
                "groupName": "null" ,
                "minimumCardinality": "0" ,
                "maximumCardinality": "1" ,
                "classOrder": "1080" ,
                "attributeId": [
                  "0001_NASA_PDS_1.img_surface.Instrument_Information.img_surface.camera_model_serial_number"
                 ]
              }
            }
           , {"association": {
                "identifier": "0001_NASA_PDS_1.img_surface.Instrument_Information.img_surface.camera_product_id" ,
                "title": "camera_product_id" ,
                "assocType": "attribute_of" ,
                "isAttribute": "true" ,
                "isChoice": "false" ,
                "isAny": "false" ,
                "groupName": "null" ,
                "minimumCardinality": "0" ,
                "maximumCardinality": "1" ,
                "classOrder": "1090" ,
                "attributeId": [
                  "0001_NASA_PDS_1.img_surface.Instrument_Information.img_surface.camera_product_id"
                 ]
              }
            }
           , {"association": {
                "identifier": "0001_NASA_PDS_1.img_surface.Instrument_Information.img_surface.camera_product_id_count" ,
                "title": "camera_product_id_count" ,
                "assocType": "attribute_of" ,
                "isAttribute": "true" ,
                "isChoice": "false" ,
                "isAny": "false" ,
                "groupName": "null" ,
                "minimumCardinality": "0" ,
                "maximumCardinality": "1" ,
                "classOrder": "1100" ,
                "attributeId": [
                  "0001_NASA_PDS_1.img_surface.Instrument_Information.img_surface.camera_product_id_count"
                 ]
              }
            }
           ]
          }
        }
      , {
          "class": {
            "identifier": "0001_NASA_PDS_1.img_surface.Placement_Target_Instrument" ,
            "title": "Placement_Target_Instrument" ,
            "registrationAuthorityId": "0001_NASA_PDS_1" ,
            "nameSpaceId": "img_surface" ,
            "steward": "img" ,
            "versionId": "1.0.0.0" ,
            "isAbstract": "false" ,
            "isDeprecated": "false" ,
            "description": "Indicates the instrument that is referred to by the product. This is not the same as the instrument that acquired the product. For example, on InSight instrument placement products, it defines which instrument is being placed."
              , "associationList": [
             {"association": {
                "identifier": "0001_NASA_PDS_1.img_surface.Placement_Target_Instrument.pds.name" ,
                "title": "name" ,
                "assocType": "attribute_of" ,
                "isAttribute": "true" ,
                "isChoice": "false" ,
                "isAny": "false" ,
                "groupName": "null" ,
                "minimumCardinality": "1" ,
                "maximumCardinality": "1" ,
                "classOrder": "1010" ,
                "attributeId": [
                  "0001_NASA_PDS_1.img_surface.Placement_Target_Instrument.pds.name"
                 ]
              }
            }
           , {"association": {
                "identifier": "0001_NASA_PDS_1.img_surface.Placement_Target_Instrument.pds.Internal_Reference" ,
                "title": "Internal_Reference" ,
                "assocType": "component_of" ,
                "isAttribute": "false" ,
                "isChoice": "false" ,
                "isAny": "false" ,
                "groupName": "null" ,
                "minimumCardinality": "0" ,
                "maximumCardinality": "1" ,
                "classOrder": "1020" ,
                "classId": [
                  "0001_NASA_PDS_1.pds.Internal_Reference"
                 ]
              }
            }
           ]
          }
        }
      , {
          "class": {
            "identifier": "0001_NASA_PDS_1.img_surface.Stereo_Product_Parameters" ,
            "title": "Stereo_Product_Parameters" ,
            "registrationAuthorityId": "0001_NASA_PDS_1" ,
            "nameSpaceId": "img_surface" ,
            "steward": "img" ,
            "versionId": "1.0.0.0" ,
            "isAbstract": "false" ,
            "isDeprecated": "false" ,
            "description": "The Stereo_Product_Parameters class describes the conditions under which stereo analysis was performed. This includes items such as the stereo baseline (separation between the cameras) and what partner image(s) were used for stereo analysis. If present, stereo partner images can be referenced using either an Internal_Reference or External_Reference."
              , "associationList": [
             {"association": {
                "identifier": "0001_NASA_PDS_1.img_surface.Stereo_Product_Parameters.img_surface.stereo_baseline_length" ,
                "title": "stereo_baseline_length" ,
                "assocType": "attribute_of" ,
                "isAttribute": "true" ,
                "isChoice": "false" ,
                "isAny": "false" ,
                "groupName": "null" ,
                "minimumCardinality": "0" ,
                "maximumCardinality": "1" ,
                "classOrder": "1010" ,
                "attributeId": [
                  "0001_NASA_PDS_1.img_surface.Stereo_Product_Parameters.img_surface.stereo_baseline_length"
                 ]
              }
            }
           , {"association": {
                "identifier": "0001_NASA_PDS_1.img_surface.Stereo_Product_Parameters.pds.Internal_Reference" ,
                "title": "Internal_Reference" ,
                "assocType": "component_of" ,
                "isAttribute": "false" ,
                "isChoice": "true" ,
                "isAny": "false" ,
                "groupName": "XSChoice#46" ,
                "minimumCardinality": "0" ,
                "maximumCardinality": "*" ,
                "classOrder": "1030" ,
                "classId": [
                  "0001_NASA_PDS_1.pds.Internal_Reference",
                  "0001_NASA_PDS_1.pds.External_Reference"
                 ]
              }
            }
           ]
          }
        }
      , {
          "class": {
            "identifier": "0001_NASA_PDS_1.img_surface.Surface_Imaging" ,
            "title": "Surface_Imaging" ,
            "registrationAuthorityId": "0001_NASA_PDS_1" ,
            "nameSpaceId": "img_surface" ,
            "steward": "img" ,
            "versionId": "1.0.0.0" ,
            "isAbstract": "false" ,
            "isDeprecated": "false" ,
            "description": "Attributes specific to imaging instruments on surface missions."
              , "associationList": [
             {"association": {
                "identifier": "0001_NASA_PDS_1.img_surface.Surface_Imaging.img_surface.Image_Identifiers" ,
                "title": "Image_Identifiers" ,
                "assocType": "component_of" ,
                "isAttribute": "false" ,
                "isChoice": "false" ,
                "isAny": "false" ,
                "groupName": "null" ,
                "minimumCardinality": "0" ,
                "maximumCardinality": "1" ,
                "classOrder": "1010" ,
                "classId": [
                  "0001_NASA_PDS_1.img_surface.Image_Identifiers"
                 ]
              }
            }
           , {"association": {
                "identifier": "0001_NASA_PDS_1.img_surface.Surface_Imaging.img_surface.Instrument_Information" ,
                "title": "Instrument_Information" ,
                "assocType": "component_of" ,
                "isAttribute": "false" ,
                "isChoice": "false" ,
                "isAny": "false" ,
                "groupName": "null" ,
                "minimumCardinality": "0" ,
                "maximumCardinality": "1" ,
                "classOrder": "1020" ,
                "classId": [
                  "0001_NASA_PDS_1.img_surface.Instrument_Information"
                 ]
              }
            }
           , {"association": {
                "identifier": "0001_NASA_PDS_1.img_surface.Surface_Imaging.img_surface.Derived_Product_Parameters" ,
                "title": "Derived_Product_Parameters" ,
                "assocType": "component_of" ,
                "isAttribute": "false" ,
                "isChoice": "false" ,
                "isAny": "false" ,
                "groupName": "null" ,
                "minimumCardinality": "0" ,
                "maximumCardinality": "*" ,
                "classOrder": "1030" ,
                "classId": [
                  "0001_NASA_PDS_1.img_surface.Derived_Product_Parameters"
                 ]
              }
            }
           , {"association": {
                "identifier": "0001_NASA_PDS_1.img_surface.Surface_Imaging.img_surface.Error_Model" ,
                "title": "Error_Model" ,
                "assocType": "component_of" ,
                "isAttribute": "false" ,
                "isChoice": "false" ,
                "isAny": "false" ,
                "groupName": "null" ,
                "minimumCardinality": "0" ,
                "maximumCardinality": "1" ,
                "classOrder": "1040" ,
                "classId": [
                  "0001_NASA_PDS_1.img_surface.Error_Model"
                 ]
              }
            }
           , {"association": {
                "identifier": "0001_NASA_PDS_1.img_surface.Surface_Imaging.img_surface.Geometry_Projection" ,
                "title": "Geometry_Projection" ,
                "assocType": "component_of" ,
                "isAttribute": "false" ,
                "isChoice": "false" ,
                "isAny": "false" ,
                "groupName": "null" ,
                "minimumCardinality": "0" ,
                "maximumCardinality": "1" ,
                "classOrder": "1050" ,
                "classId": [
                  "0001_NASA_PDS_1.img_surface.Geometry_Projection"
                 ]
              }
            }
           , {"association": {
                "identifier": "0001_NASA_PDS_1.img_surface.Surface_Imaging.img_surface.Stereo_Product_Parameters" ,
                "title": "Stereo_Product_Parameters" ,
                "assocType": "component_of" ,
                "isAttribute": "false" ,
                "isChoice": "false" ,
                "isAny": "false" ,
                "groupName": "null" ,
                "minimumCardinality": "0" ,
                "maximumCardinality": "1" ,
                "classOrder": "1060" ,
                "classId": [
                  "0001_NASA_PDS_1.img_surface.Stereo_Product_Parameters"
                 ]
              }
            }
           , {"association": {
                "identifier": "0001_NASA_PDS_1.img_surface.Surface_Imaging.geom.Coordinate_Space_Reference" ,
                "title": "Coordinate_Space_Reference" ,
                "assocType": "component_of" ,
                "isAttribute": "false" ,
                "isChoice": "false" ,
                "isAny": "false" ,
                "groupName": "null" ,
                "minimumCardinality": "0" ,
                "maximumCardinality": "1" ,
                "classOrder": "1070" ,
                "classId": [
                  "0001_NASA_PDS_1.geom.Coordinate_Space_Reference"
                 ]
              }
            }
           , {"association": {
                "identifier": "0001_NASA_PDS_1.img_surface.Surface_Imaging.img_surface.Error_Pixel" ,
                "title": "Error_Pixel" ,
                "assocType": "component_of" ,
                "isAttribute": "false" ,
                "isChoice": "false" ,
                "isAny": "false" ,
                "groupName": "null" ,
                "minimumCardinality": "0" ,
                "maximumCardinality": "*" ,
                "classOrder": "1080" ,
                "classId": [
                  "0001_NASA_PDS_1.img_surface.Error_Pixel"
                 ]
              }
            }
           , {"association": {
                "identifier": "0001_NASA_PDS_1.img_surface.Surface_Imaging.img_surface.Commanded_Parameters" ,
                "title": "Commanded_Parameters" ,
                "assocType": "component_of" ,
                "isAttribute": "false" ,
                "isChoice": "false" ,
                "isAny": "false" ,
                "groupName": "null" ,
                "minimumCardinality": "0" ,
                "maximumCardinality": "1" ,
                "classOrder": "1090" ,
                "classId": [
                  "0001_NASA_PDS_1.img_surface.Commanded_Parameters"
                 ]
              }
            }
           ]
          }
        }
      , {
          "class": {
            "identifier": "0001_NASA_PDS_1.img_surface.Vector_Range_Origin" ,
            "title": "Vector_Range_Origin" ,
            "registrationAuthorityId": "0001_NASA_PDS_1" ,
            "nameSpaceId": "img_surface" ,
            "steward": "img" ,
            "versionId": "1.0.0.0" ,
            "isAbstract": "false" ,
            "isDeprecated": "false" ,
            "description": "The Vector_Range_Origin class specifies the 3-D space from which the Range values are measured in a Range RDR. This will normally be the same as the C point of the camera. It is expressed in the coordinate system specified by the Coordinate_Space_Reference class."
              , "associationList": [
             {"association": {
                "identifier": "0001_NASA_PDS_1.img_surface.Vector_Range_Origin.img_surface.x_position" ,
                "title": "x_position" ,
                "assocType": "attribute_of" ,
                "isAttribute": "true" ,
                "isChoice": "false" ,
                "isAny": "false" ,
                "groupName": "null" ,
                "minimumCardinality": "1" ,
                "maximumCardinality": "1" ,
                "classOrder": "1010" ,
                "attributeId": [
                  "0001_NASA_PDS_1.img_surface.Vector_Range_Origin.img_surface.x_position"
                 ]
              }
            }
           , {"association": {
                "identifier": "0001_NASA_PDS_1.img_surface.Vector_Range_Origin.img_surface.y_position" ,
                "title": "y_position" ,
                "assocType": "attribute_of" ,
                "isAttribute": "true" ,
                "isChoice": "false" ,
                "isAny": "false" ,
                "groupName": "null" ,
                "minimumCardinality": "1" ,
                "maximumCardinality": "1" ,
                "classOrder": "1020" ,
                "attributeId": [
                  "0001_NASA_PDS_1.img_surface.Vector_Range_Origin.img_surface.y_position"
                 ]
              }
            }
           , {"association": {
                "identifier": "0001_NASA_PDS_1.img_surface.Vector_Range_Origin.img_surface.z_position" ,
                "title": "z_position" ,
                "assocType": "attribute_of" ,
                "isAttribute": "true" ,
                "isChoice": "false" ,
                "isAny": "false" ,
                "groupName": "null" ,
                "minimumCardinality": "1" ,
                "maximumCardinality": "1" ,
                "classOrder": "1030" ,
                "attributeId": [
                  "0001_NASA_PDS_1.img_surface.Vector_Range_Origin.img_surface.z_position"
                 ]
              }
            }
           ]
          }
        }
      ]
    , "attributeDictionary": [
        {
          "attribute": {
            "identifier": "0001_NASA_PDS_1.img_surface.Derived_Product_Parameters.img_surface.derived_image_type_name" ,
            "title": "derived_image_type_name" ,
            "registrationAuthorityId": "0001_NASA_PDS_1" ,
            "nameSpaceId": "img_surface" ,
            "steward": "img" ,
            "versionId": "1.14" ,
            "description": "The derived_image_type_name attribute specifies how to interpret the pixel values in a derived image (or colloquially, the type of the derived image itself). Valid values vary per mission depending on the products produced." ,
            "isNillable": "false" ,
            "isEnumerated": "false" ,
            "isDeprecated": "false" ,
            "dataType": "ASCII_Short_String_Collapsed" ,
            "dataTypeId": "0001_NASA_PDS_1.pds.ASCII_Short_String_Collapsed" ,
            "minimumCharacters": "1" ,
            "maximumCharacters": "255" ,
            "minimumValue": "Unbounded" ,
            "maximumValue": "Unbounded" ,
            "pattern": "null" ,
            "unitOfMeasure": "null" ,
            "unitOfMeasureId": "null" ,
            "unitId": "null" ,
            "defaultUnitId": "null"
          }
        }
      , {
          "attribute": {
            "identifier": "0001_NASA_PDS_1.img_surface.Derived_Product_Parameters.img_surface.horizon_mask_elevation" ,
            "title": "horizon_mask_elevation" ,
            "registrationAuthorityId": "0001_NASA_PDS_1" ,
            "nameSpaceId": "img_surface" ,
            "steward": "img" ,
            "versionId": "1.14" ,
            "description": "The horizon_mask_elevation attribute specifies the elevation (in degrees) used as the horizontal cutoff in a mask file that prevents the horizon and sky features in the image from being processed. If this attribute is not present in the product label, no horizon mask was used." ,
            "isNillable": "false" ,
            "isEnumerated": "false" ,
            "isDeprecated": "false" ,
            "dataType": "ASCII_Real" ,
            "dataTypeId": "0001_NASA_PDS_1.pds.ASCII_Real" ,
            "minimumCharacters": "Unbounded" ,
            "maximumCharacters": "Unbounded" ,
            "minimumValue": "-1.7976931348623157e308" ,
            "maximumValue": "1.7976931348623157e308" ,
            "pattern": "null" ,
            "unitOfMeasure": "Units_of_Angle" ,
            "unitOfMeasureId": "0001_NASA_PDS_1.pds.Units_of_Angle" ,
            "unitId": "arcmin, arcsec, deg, hr, mrad, rad" ,
            "defaultUnitId": "null"
          }
        }
      , {
          "attribute": {
            "identifier": "0001_NASA_PDS_1.img_surface.Error_Model.img_surface.error_model_name" ,
            "title": "error_model_name" ,
            "registrationAuthorityId": "0001_NASA_PDS_1" ,
            "nameSpaceId": "img_surface" ,
            "steward": "img" ,
            "versionId": "1.14" ,
            "description": "The error_model_name attribute specifies the method or algorithm used to create the error estimate. Each mission will define their own set of possible values. Algorithms will be added over time. The initial value is MIPL_CONST_DISPARITY_PROJECTED_V1, which means an arbitrary constant disparity error is assumed (in ERROR_MODEL_PARMS), which is projected through the camera models to approximate an error ellipse, which is then projected to the XYZ or range\/crossrange axes depending on the file type. " ,
            "isNillable": "false" ,
            "isEnumerated": "false" ,
            "isDeprecated": "false" ,
            "dataType": "ASCII_Short_String_Collapsed" ,
            "dataTypeId": "0001_NASA_PDS_1.pds.ASCII_Short_String_Collapsed" ,
            "minimumCharacters": "1" ,
            "maximumCharacters": "255" ,
            "minimumValue": "Unbounded" ,
            "maximumValue": "Unbounded" ,
            "pattern": "null" ,
            "unitOfMeasure": "null" ,
            "unitOfMeasureId": "null" ,
            "unitId": "null" ,
            "defaultUnitId": "null"
          }
        }
      , {
          "attribute": {
            "identifier": "0001_NASA_PDS_1.img_surface.Error_Model_Parameter.pds.name" ,
            "title": "name" ,
            "registrationAuthorityId": "0001_NASA_PDS_1" ,
            "nameSpaceId": "pds" ,
            "steward": "pds" ,
            "versionId": "1.14" ,
            "description": "The name attribute provides a word or combination of words by which the object is known." ,
            "isNillable": "false" ,
            "isEnumerated": "false" ,
            "isDeprecated": "false" ,
            "dataType": "UTF8_Short_String_Collapsed" ,
            "dataTypeId": "0001_NASA_PDS_1.pds.UTF8_Short_String_Collapsed" ,
            "minimumCharacters": "1" ,
            "maximumCharacters": "255" ,
            "minimumValue": "Unbounded" ,
            "maximumValue": "Unbounded" ,
            "pattern": "null" ,
            "unitOfMeasure": "null" ,
            "unitOfMeasureId": "null" ,
            "unitId": "null" ,
            "defaultUnitId": "null"
          }
        }
      , {
          "attribute": {
            "identifier": "0001_NASA_PDS_1.img_surface.Error_Model_Parameter.pds.value" ,
            "title": "value" ,
            "registrationAuthorityId": "0001_NASA_PDS_1" ,
            "nameSpaceId": "pds" ,
            "steward": "pds" ,
            "versionId": "1.14" ,
            "description": "The value attribute provides a single, allowed numerical or character string value." ,
            "isNillable": "false" ,
            "isEnumerated": "false" ,
            "isDeprecated": "false" ,
            "dataType": "ASCII_Short_String_Collapsed" ,
            "dataTypeId": "0001_NASA_PDS_1.pds.ASCII_Short_String_Collapsed" ,
            "minimumCharacters": "1" ,
            "maximumCharacters": "255" ,
            "minimumValue": "Unbounded" ,
            "maximumValue": "Unbounded" ,
            "pattern": "null" ,
            "unitOfMeasure": "null" ,
            "unitOfMeasureId": "null" ,
            "unitId": "null" ,
            "defaultUnitId": "null"
          }
        }
      , {
          "attribute": {
            "identifier": "0001_NASA_PDS_1.img_surface.Error_Pixel.img_surface.line" ,
            "title": "line" ,
            "registrationAuthorityId": "0001_NASA_PDS_1" ,
            "nameSpaceId": "img_surface" ,
            "steward": "img" ,
            "versionId": "1.14" ,
            "description": "The line attribute specifies the line number in the image." ,
            "isNillable": "false" ,
            "isEnumerated": "false" ,
            "isDeprecated": "false" ,
            "dataType": "ASCII_NonNegative_Integer" ,
            "dataTypeId": "0001_NASA_PDS_1.pds.ASCII_NonNegative_Integer" ,
            "minimumCharacters": "Unbounded" ,
            "maximumCharacters": "Unbounded" ,
            "minimumValue": "1" ,
            "maximumValue": "18446744073709551615" ,
            "pattern": "[0-9]+" ,
            "unitOfMeasure": "null" ,
            "unitOfMeasureId": "null" ,
            "unitId": "null" ,
            "defaultUnitId": "null"
          }
        }
      , {
          "attribute": {
            "identifier": "0001_NASA_PDS_1.img_surface.Error_Pixel.img_surface.sample" ,
            "title": "sample" ,
            "registrationAuthorityId": "0001_NASA_PDS_1" ,
            "nameSpaceId": "img_surface" ,
            "steward": "img" ,
            "versionId": "1.14" ,
            "description": "The sample attribute specifies the sample number in the image." ,
            "isNillable": "false" ,
            "isEnumerated": "false" ,
            "isDeprecated": "false" ,
            "dataType": "ASCII_NonNegative_Integer" ,
            "dataTypeId": "0001_NASA_PDS_1.pds.ASCII_NonNegative_Integer" ,
            "minimumCharacters": "Unbounded" ,
            "maximumCharacters": "Unbounded" ,
            "minimumValue": "1" ,
            "maximumValue": "18446744073709551615" ,
            "pattern": "[0-9]+" ,
            "unitOfMeasure": "null" ,
            "unitOfMeasureId": "null" ,
            "unitId": "null" ,
            "defaultUnitId": "null"
          }
        }
      , {
          "attribute": {
            "identifier": "0001_NASA_PDS_1.img_surface.Geometry_Projection.img_surface.geometry_projection_type" ,
            "title": "geometry_projection_type" ,
            "registrationAuthorityId": "0001_NASA_PDS_1" ,
            "nameSpaceId": "img_surface" ,
            "steward": "img" ,
            "versionId": "1.14" ,
            "description": "The geometry_projection_type attribute specifies how pixels in a file have been reprojected to correct for camera distortion, linearization, or rubber-sheeting (it is not the intent of this field to capture map projections). \"Raw\" indicates no projection has been done." ,
            "isNillable": "false" ,
            "isEnumerated": "true" ,
            "isDeprecated": "false" ,
            "dataType": "ASCII_Short_String_Collapsed" ,
            "dataTypeId": "0001_NASA_PDS_1.pds.ASCII_Short_String_Collapsed" ,
            "minimumCharacters": "1" ,
            "maximumCharacters": "255" ,
            "minimumValue": "Unbounded" ,
            "maximumValue": "Unbounded" ,
            "pattern": "null" ,
            "unitOfMeasure": "null" ,
            "unitOfMeasureId": "null" ,
            "unitId": "null" ,
            "defaultUnitId": "null"
          }
        }
      , {
          "attribute": {
            "identifier": "0001_NASA_PDS_1.img_surface.Geometry_Projection.img_surface.linearization_mode" ,
            "title": "linearization_mode" ,
            "registrationAuthorityId": "0001_NASA_PDS_1" ,
            "nameSpaceId": "img_surface" ,
            "steward": "img" ,
            "versionId": "1.14" ,
            "description": " The linearization_mode attribute specifies what kind of stereo partner was used to linearize the image (the process requires two camera models). " ,
            "isNillable": "false" ,
            "isEnumerated": "true" ,
            "isDeprecated": "false" ,
            "dataType": "ASCII_Short_String_Collapsed" ,
            "dataTypeId": "0001_NASA_PDS_1.pds.ASCII_Short_String_Collapsed" ,
            "minimumCharacters": "1" ,
            "maximumCharacters": "255" ,
            "minimumValue": "Unbounded" ,
            "maximumValue": "Unbounded" ,
            "pattern": "null" ,
            "unitOfMeasure": "null" ,
            "unitOfMeasureId": "null" ,
            "unitId": "null" ,
            "defaultUnitId": "null"
          }
        }
      , {
          "attribute": {
            "identifier": "0001_NASA_PDS_1.img_surface.Geometry_Projection.img_surface.linearization_mode_fov" ,
            "title": "linearization_mode_fov" ,
            "registrationAuthorityId": "0001_NASA_PDS_1" ,
            "nameSpaceId": "img_surface" ,
            "steward": "img" ,
            "versionId": "1.14" ,
            "description": " The linearization_mode_fov attribute specifies how the linearized camera model's field of view (FOV) as constructed (corresponding to the \"cahv_fov\" parameter in MIPL software). " ,
            "isNillable": "false" ,
            "isEnumerated": "true" ,
            "isDeprecated": "false" ,
            "dataType": "ASCII_Short_String_Collapsed" ,
            "dataTypeId": "0001_NASA_PDS_1.pds.ASCII_Short_String_Collapsed" ,
            "minimumCharacters": "1" ,
            "maximumCharacters": "255" ,
            "minimumValue": "Unbounded" ,
            "maximumValue": "Unbounded" ,
            "pattern": "null" ,
            "unitOfMeasure": "null" ,
            "unitOfMeasureId": "null" ,
            "unitId": "null" ,
            "defaultUnitId": "null"
          }
        }
      , {
          "attribute": {
            "identifier": "0001_NASA_PDS_1.img_surface.Image_Identifiers.img_surface.image_id" ,
            "title": "image_id" ,
            "registrationAuthorityId": "0001_NASA_PDS_1" ,
            "nameSpaceId": "img_surface" ,
            "steward": "img" ,
            "versionId": "1.14" ,
            "description": "The image_id is an arbitrary string identifier that is associated with this image. The specific interpretation of it is mission-dependent, and it need not be unique to this image. For example, missions may use it as an image counter, a round-trip token indicating how to process the image, or a FSW-assigned value identifying the image." ,
            "isNillable": "false" ,
            "isEnumerated": "false" ,
            "isDeprecated": "false" ,
            "dataType": "ASCII_Short_String_Collapsed" ,
            "dataTypeId": "0001_NASA_PDS_1.pds.ASCII_Short_String_Collapsed" ,
            "minimumCharacters": "1" ,
            "maximumCharacters": "255" ,
            "minimumValue": "Unbounded" ,
            "maximumValue": "Unbounded" ,
            "pattern": "null" ,
            "unitOfMeasure": "null" ,
            "unitOfMeasureId": "null" ,
            "unitId": "null" ,
            "defaultUnitId": "null"
          }
        }
      , {
          "attribute": {
            "identifier": "0001_NASA_PDS_1.img_surface.Image_Identifiers.img_surface.image_id_2" ,
            "title": "image_id_2" ,
            "registrationAuthorityId": "0001_NASA_PDS_1" ,
            "nameSpaceId": "img_surface" ,
            "steward": "img" ,
            "versionId": "1.14" ,
            "description": "The image_id_2 allows a second image_id for missions with two, same use cases." ,
            "isNillable": "false" ,
            "isEnumerated": "false" ,
            "isDeprecated": "false" ,
            "dataType": "ASCII_Short_String_Collapsed" ,
            "dataTypeId": "0001_NASA_PDS_1.pds.ASCII_Short_String_Collapsed" ,
            "minimumCharacters": "1" ,
            "maximumCharacters": "255" ,
            "minimumValue": "Unbounded" ,
            "maximumValue": "Unbounded" ,
            "pattern": "null" ,
            "unitOfMeasure": "null" ,
            "unitOfMeasureId": "null" ,
            "unitId": "null" ,
            "defaultUnitId": "null"
          }
        }
      , {
          "attribute": {
            "identifier": "0001_NASA_PDS_1.img_surface.Image_Identifiers.img_surface.mesh_id" ,
            "title": "mesh_id" ,
            "registrationAuthorityId": "0001_NASA_PDS_1" ,
            "nameSpaceId": "img_surface" ,
            "steward": "img" ,
            "versionId": "1.14" ,
            "description": "The mesh_id attribute specifies which terrain mesh this image should be automatically included in. This does not constrain which mesh(es) the image may be included in outside a pipeline environment." ,
            "isNillable": "false" ,
            "isEnumerated": "false" ,
            "isDeprecated": "false" ,
            "dataType": "ASCII_Short_String_Collapsed" ,
            "dataTypeId": "0001_NASA_PDS_1.pds.ASCII_Short_String_Collapsed" ,
            "minimumCharacters": "1" ,
            "maximumCharacters": "255" ,
            "minimumValue": "Unbounded" ,
            "maximumValue": "Unbounded" ,
            "pattern": "null" ,
            "unitOfMeasure": "null" ,
            "unitOfMeasureId": "null" ,
            "unitId": "null" ,
            "defaultUnitId": "null"
          }
        }
      , {
          "attribute": {
            "identifier": "0001_NASA_PDS_1.img_surface.Image_Identifiers.img_surface.mosaic_id" ,
            "title": "mosaic_id" ,
            "registrationAuthorityId": "0001_NASA_PDS_1" ,
            "nameSpaceId": "img_surface" ,
            "steward": "img" ,
            "versionId": "1.14" ,
            "description": "The mosaic_id attribute specifies which mosaic this image should be automatically included in. This does not constrain which mosaic(s) the image may be included in outside a pipeline environment." ,
            "isNillable": "false" ,
            "isEnumerated": "false" ,
            "isDeprecated": "false" ,
            "dataType": "ASCII_Short_String_Collapsed" ,
            "dataTypeId": "0001_NASA_PDS_1.pds.ASCII_Short_String_Collapsed" ,
            "minimumCharacters": "1" ,
            "maximumCharacters": "255" ,
            "minimumValue": "Unbounded" ,
            "maximumValue": "Unbounded" ,
            "pattern": "null" ,
            "unitOfMeasure": "null" ,
            "unitOfMeasureId": "null" ,
            "unitId": "null" ,
            "defaultUnitId": "null"
          }
        }
      , {
          "attribute": {
            "identifier": "0001_NASA_PDS_1.img_surface.Image_Identifiers.img_surface.observation_number" ,
            "title": "observation_number" ,
            "registrationAuthorityId": "0001_NASA_PDS_1" ,
            "nameSpaceId": "img_surface" ,
            "steward": "img" ,
            "versionId": "1.14" ,
            "description": "Identifies which observation of many this data product pertains to." ,
            "isNillable": "false" ,
            "isEnumerated": "false" ,
            "isDeprecated": "false" ,
            "dataType": "ASCII_Short_String_Collapsed" ,
            "dataTypeId": "0001_NASA_PDS_1.pds.ASCII_Short_String_Collapsed" ,
            "minimumCharacters": "1" ,
            "maximumCharacters": "255" ,
            "minimumValue": "Unbounded" ,
            "maximumValue": "Unbounded" ,
            "pattern": "null" ,
            "unitOfMeasure": "null" ,
            "unitOfMeasureId": "null" ,
            "unitId": "null" ,
            "defaultUnitId": "null"
          }
        }
      , {
          "attribute": {
            "identifier": "0001_NASA_PDS_1.img_surface.Image_Identifiers.img_surface.parameter_table_number" ,
            "title": "parameter_table_number" ,
            "registrationAuthorityId": "0001_NASA_PDS_1" ,
            "nameSpaceId": "img_surface" ,
            "steward": "img" ,
            "versionId": "1.14" ,
            "description": "Specifies which table of parameters to use. Tables are necessarily defined in a mission- and instrument-specific manner." ,
            "isNillable": "false" ,
            "isEnumerated": "false" ,
            "isDeprecated": "false" ,
            "dataType": "ASCII_Short_String_Collapsed" ,
            "dataTypeId": "0001_NASA_PDS_1.pds.ASCII_Short_String_Collapsed" ,
            "minimumCharacters": "1" ,
            "maximumCharacters": "255" ,
            "minimumValue": "Unbounded" ,
            "maximumValue": "Unbounded" ,
            "pattern": "null" ,
            "unitOfMeasure": "null" ,
            "unitOfMeasureId": "null" ,
            "unitId": "null" ,
            "defaultUnitId": "null"
          }
        }
      , {
          "attribute": {
            "identifier": "0001_NASA_PDS_1.img_surface.Image_Identifiers.img_surface.start_image_id" ,
            "title": "start_image_id" ,
            "registrationAuthorityId": "0001_NASA_PDS_1" ,
            "nameSpaceId": "img_surface" ,
            "steward": "img" ,
            "versionId": "1.14" ,
            "description": "Specifies the starting image ID for some operation." ,
            "isNillable": "false" ,
            "isEnumerated": "false" ,
            "isDeprecated": "false" ,
            "dataType": "ASCII_Short_String_Collapsed" ,
            "dataTypeId": "0001_NASA_PDS_1.pds.ASCII_Short_String_Collapsed" ,
            "minimumCharacters": "1" ,
            "maximumCharacters": "255" ,
            "minimumValue": "Unbounded" ,
            "maximumValue": "Unbounded" ,
            "pattern": "null" ,
            "unitOfMeasure": "null" ,
            "unitOfMeasureId": "null" ,
            "unitId": "null" ,
            "defaultUnitId": "null"
          }
        }
      , {
          "attribute": {
            "identifier": "0001_NASA_PDS_1.img_surface.Image_Identifiers.img_surface.stereo_match_id" ,
            "title": "stereo_match_id" ,
            "registrationAuthorityId": "0001_NASA_PDS_1" ,
            "nameSpaceId": "img_surface" ,
            "steward": "img" ,
            "versionId": "1.14" ,
            "description": " The stereo_match_id attribute specifies which other image this image matches with for stereo processing. If used for a mission, the two images making up a stereo pair should share the same stereo_match_id value. " ,
            "isNillable": "false" ,
            "isEnumerated": "false" ,
            "isDeprecated": "false" ,
            "dataType": "ASCII_Short_String_Collapsed" ,
            "dataTypeId": "0001_NASA_PDS_1.pds.ASCII_Short_String_Collapsed" ,
            "minimumCharacters": "1" ,
            "maximumCharacters": "255" ,
            "minimumValue": "Unbounded" ,
            "maximumValue": "Unbounded" ,
            "pattern": "null" ,
            "unitOfMeasure": "null" ,
            "unitOfMeasureId": "null" ,
            "unitId": "null" ,
            "defaultUnitId": "null"
          }
        }
      , {
          "attribute": {
            "identifier": "0001_NASA_PDS_1.img_surface.Instrument_Information.img_surface.camera_model_serial_number" ,
            "title": "camera_model_serial_number" ,
            "registrationAuthorityId": "0001_NASA_PDS_1" ,
            "nameSpaceId": "img_surface" ,
            "steward": "img" ,
            "versionId": "1.14" ,
            "description": "Specifies the manufacturer's serial number for the camera for which the camera model was derived. This should match instrument_serial_number in most cases; generally speaking a mismatch should only occur during testing\/development." ,
            "isNillable": "false" ,
            "isEnumerated": "false" ,
            "isDeprecated": "false" ,
            "dataType": "ASCII_Short_String_Collapsed" ,
            "dataTypeId": "0001_NASA_PDS_1.pds.ASCII_Short_String_Collapsed" ,
            "minimumCharacters": "1" ,
            "maximumCharacters": "255" ,
            "minimumValue": "Unbounded" ,
            "maximumValue": "Unbounded" ,
            "pattern": "null" ,
            "unitOfMeasure": "null" ,
            "unitOfMeasureId": "null" ,
            "unitId": "null" ,
            "defaultUnitId": "null"
          }
        }
      , {
          "attribute": {
            "identifier": "0001_NASA_PDS_1.img_surface.Instrument_Information.img_surface.camera_product_id" ,
            "title": "camera_product_id" ,
            "registrationAuthorityId": "0001_NASA_PDS_1" ,
            "nameSpaceId": "img_surface" ,
            "steward": "img" ,
            "versionId": "1.14" ,
            "description": "The camera_product_id attribute specifies a numeric identifier assigned by the instrument to this specific observation." ,
            "isNillable": "false" ,
            "isEnumerated": "false" ,
            "isDeprecated": "false" ,
            "dataType": "ASCII_Short_String_Collapsed" ,
            "dataTypeId": "0001_NASA_PDS_1.pds.ASCII_Short_String_Collapsed" ,
            "minimumCharacters": "1" ,
            "maximumCharacters": "255" ,
            "minimumValue": "Unbounded" ,
            "maximumValue": "Unbounded" ,
            "pattern": "null" ,
            "unitOfMeasure": "null" ,
            "unitOfMeasureId": "null" ,
            "unitId": "null" ,
            "defaultUnitId": "null"
          }
        }
      , {
          "attribute": {
            "identifier": "0001_NASA_PDS_1.img_surface.Instrument_Information.img_surface.camera_product_id_count" ,
            "title": "camera_product_id_count" ,
            "registrationAuthorityId": "0001_NASA_PDS_1" ,
            "nameSpaceId": "img_surface" ,
            "steward": "img" ,
            "versionId": "1.14" ,
            "description": "The camera_product_id_count attribute specifies the number of times a specific camera_product_id has been used." ,
            "isNillable": "false" ,
            "isEnumerated": "false" ,
            "isDeprecated": "false" ,
            "dataType": "ASCII_NonNegative_Integer" ,
            "dataTypeId": "0001_NASA_PDS_1.pds.ASCII_NonNegative_Integer" ,
            "minimumCharacters": "Unbounded" ,
            "maximumCharacters": "Unbounded" ,
            "minimumValue": "0" ,
            "maximumValue": "18446744073709551615" ,
            "pattern": "[0-9]+" ,
            "unitOfMeasure": "null" ,
            "unitOfMeasureId": "null" ,
            "unitId": "null" ,
            "defaultUnitId": "null"
          }
        }
      , {
          "attribute": {
            "identifier": "0001_NASA_PDS_1.img_surface.Instrument_Information.img_surface.image_acquire_mode" ,
            "title": "image_acquire_mode" ,
            "registrationAuthorityId": "0001_NASA_PDS_1" ,
            "nameSpaceId": "img_surface" ,
            "steward": "img" ,
            "versionId": "1.14" ,
            "description": "null" ,
            "isNillable": "false" ,
            "isEnumerated": "false" ,
            "isDeprecated": "false" ,
            "dataType": "ASCII_Short_String_Collapsed" ,
            "dataTypeId": "0001_NASA_PDS_1.pds.ASCII_Short_String_Collapsed" ,
            "minimumCharacters": "1" ,
            "maximumCharacters": "255" ,
            "minimumValue": "Unbounded" ,
            "maximumValue": "Unbounded" ,
            "pattern": "null" ,
            "unitOfMeasure": "null" ,
            "unitOfMeasureId": "null" ,
            "unitId": "null" ,
            "defaultUnitId": "null"
          }
        }
      , {
          "attribute": {
            "identifier": "0001_NASA_PDS_1.img_surface.Instrument_Information.img_surface.image_type" ,
            "title": "image_type" ,
            "registrationAuthorityId": "0001_NASA_PDS_1" ,
            "nameSpaceId": "img_surface" ,
            "steward": "img" ,
            "versionId": "1.14" ,
            "description": "The image_type attribute specifies the type of image acquired. The intent is to distinguish between different kinds of image-related data that may differ in how they are interpreted. Some types are not standard images, but they are stored in an image structure. Examples include Regular, Thumbnail, Reference Pixels, Histogram, Row Sum, and Column Sum." ,
            "isNillable": "false" ,
            "isEnumerated": "false" ,
            "isDeprecated": "false" ,
            "dataType": "ASCII_Short_String_Collapsed" ,
            "dataTypeId": "0001_NASA_PDS_1.pds.ASCII_Short_String_Collapsed" ,
            "minimumCharacters": "1" ,
            "maximumCharacters": "255" ,
            "minimumValue": "Unbounded" ,
            "maximumValue": "Unbounded" ,
            "pattern": "null" ,
            "unitOfMeasure": "null" ,
            "unitOfMeasureId": "null" ,
            "unitId": "null" ,
            "defaultUnitId": "null"
          }
        }
      , {
          "attribute": {
            "identifier": "0001_NASA_PDS_1.img_surface.Instrument_Information.img_surface.instrument_mode_id" ,
            "title": "instrument_mode_id" ,
            "registrationAuthorityId": "0001_NASA_PDS_1" ,
            "nameSpaceId": "img_surface" ,
            "steward": "img" ,
            "versionId": "1.14" ,
            "description": " The instrument_mode_id attribute provides an instrument-dependent designation of operating mode. This may be simply a number, letter or code, or a word such as 'normal', 'full resolution', 'near encounter', or 'fixed grating'. These types may vary by mission so the permissible values should be set by the mission dictionaries." ,
            "isNillable": "false" ,
            "isEnumerated": "false" ,
            "isDeprecated": "false" ,
            "dataType": "ASCII_Short_String_Collapsed" ,
            "dataTypeId": "0001_NASA_PDS_1.pds.ASCII_Short_String_Collapsed" ,
            "minimumCharacters": "1" ,
            "maximumCharacters": "255" ,
            "minimumValue": "Unbounded" ,
            "maximumValue": "Unbounded" ,
            "pattern": "null" ,
            "unitOfMeasure": "null" ,
            "unitOfMeasureId": "null" ,
            "unitId": "null" ,
            "defaultUnitId": "null"
          }
        }
      , {
          "attribute": {
            "identifier": "0001_NASA_PDS_1.img_surface.Instrument_Information.img_surface.instrument_serial_number" ,
            "title": "instrument_serial_number" ,
            "registrationAuthorityId": "0001_NASA_PDS_1" ,
            "nameSpaceId": "img_surface" ,
            "steward": "img" ,
            "versionId": "1.14" ,
            "description": "The instrument serial number element provides the manufacturer's serial number assigned to an instrument. This number may be used to uniquely identify a particular instrument for tracing its components or determining its calibration history, for example." ,
            "isNillable": "false" ,
            "isEnumerated": "false" ,
            "isDeprecated": "false" ,
            "dataType": "ASCII_Short_String_Collapsed" ,
            "dataTypeId": "0001_NASA_PDS_1.pds.ASCII_Short_String_Collapsed" ,
            "minimumCharacters": "1" ,
            "maximumCharacters": "255" ,
            "minimumValue": "Unbounded" ,
            "maximumValue": "Unbounded" ,
            "pattern": "null" ,
            "unitOfMeasure": "null" ,
            "unitOfMeasureId": "null" ,
            "unitId": "null" ,
            "defaultUnitId": "null"
          }
        }
      , {
          "attribute": {
            "identifier": "0001_NASA_PDS_1.img_surface.Instrument_Information.img_surface.instrument_type" ,
            "title": "instrument_type" ,
            "registrationAuthorityId": "0001_NASA_PDS_1" ,
            "nameSpaceId": "img_surface" ,
            "steward": "img" ,
            "versionId": "1.14" ,
            "description": "The instrument_type attribute specifies the type of an instrument, for example IMAGING CAMERA, SPECTROMETER, IMAGING SPECTROMETER, RADIOMETER, etc." ,
            "isNillable": "false" ,
            "isEnumerated": "false" ,
            "isDeprecated": "false" ,
            "dataType": "ASCII_Short_String_Collapsed" ,
            "dataTypeId": "0001_NASA_PDS_1.pds.ASCII_Short_String_Collapsed" ,
            "minimumCharacters": "1" ,
            "maximumCharacters": "255" ,
            "minimumValue": "Unbounded" ,
            "maximumValue": "Unbounded" ,
            "pattern": "null" ,
            "unitOfMeasure": "null" ,
            "unitOfMeasureId": "null" ,
            "unitId": "null" ,
            "defaultUnitId": "null"
          }
        }
      , {
          "attribute": {
            "identifier": "0001_NASA_PDS_1.img_surface.Instrument_Information.img_surface.instrument_version_number" ,
            "title": "instrument_version_number" ,
            "registrationAuthorityId": "0001_NASA_PDS_1" ,
            "nameSpaceId": "img_surface" ,
            "steward": "img" ,
            "versionId": "1.14" ,
            "description": " The instrument_version_number element identifies the specific model of an instrument used to obtain data. For example, this keyword could be used to distinguish between an engineering model of a camera used to acquire test data, and a flight model of a camera used to acquire science data during a mission." ,
            "isNillable": "false" ,
            "isEnumerated": "false" ,
            "isDeprecated": "false" ,
            "dataType": "ASCII_Short_String_Collapsed" ,
            "dataTypeId": "0001_NASA_PDS_1.pds.ASCII_Short_String_Collapsed" ,
            "minimumCharacters": "1" ,
            "maximumCharacters": "255" ,
            "minimumValue": "Unbounded" ,
            "maximumValue": "Unbounded" ,
            "pattern": "null" ,
            "unitOfMeasure": "null" ,
            "unitOfMeasureId": "null" ,
            "unitId": "null" ,
            "defaultUnitId": "null"
          }
        }
      , {
          "attribute": {
            "identifier": "0001_NASA_PDS_1.img_surface.Instrument_Information.img_surface.ops_instrument_key" ,
            "title": "ops_instrument_key" ,
            "registrationAuthorityId": "0001_NASA_PDS_1" ,
            "nameSpaceId": "img_surface" ,
            "steward": "img" ,
            "versionId": "1.14" ,
            "description": "The ops_instrument_key attribute specifies the identifier or key for the instrument that was used during operations to look up instrument parameters or calibration. The key in Commanded_Parameters may differ from the primary ops_instrument_key in that the command may apply to a stereo camera as a pair (e.g. MCAMZ_BOTH) rather than a specific left or right eye." ,
            "isNillable": "false" ,
            "isEnumerated": "false" ,
            "isDeprecated": "false" ,
            "dataType": "ASCII_Short_String_Preserved" ,
            "dataTypeId": "0001_NASA_PDS_1.pds.ASCII_Short_String_Preserved" ,
            "minimumCharacters": "1" ,
            "maximumCharacters": "255" ,
            "minimumValue": "Unbounded" ,
            "maximumValue": "Unbounded" ,
            "pattern": "null" ,
            "unitOfMeasure": "null" ,
            "unitOfMeasureId": "null" ,
            "unitId": "null" ,
            "defaultUnitId": "null"
          }
        }
      , {
          "attribute": {
            "identifier": "0001_NASA_PDS_1.img_surface.Placement_Target_Instrument.pds.name" ,
            "title": "name" ,
            "registrationAuthorityId": "0001_NASA_PDS_1" ,
            "nameSpaceId": "pds" ,
            "steward": "pds" ,
            "versionId": "1.14" ,
            "description": "The name attribute provides a word or combination of words by which the object is known." ,
            "isNillable": "false" ,
            "isEnumerated": "false" ,
            "isDeprecated": "false" ,
            "dataType": "UTF8_Short_String_Collapsed" ,
            "dataTypeId": "0001_NASA_PDS_1.pds.UTF8_Short_String_Collapsed" ,
            "minimumCharacters": "1" ,
            "maximumCharacters": "255" ,
            "minimumValue": "Unbounded" ,
            "maximumValue": "Unbounded" ,
            "pattern": "null" ,
            "unitOfMeasure": "null" ,
            "unitOfMeasureId": "null" ,
            "unitId": "null" ,
            "defaultUnitId": "null"
          }
        }
      , {
          "attribute": {
            "identifier": "0001_NASA_PDS_1.img_surface.Stereo_Product_Parameters.img_surface.stereo_baseline_length" ,
            "title": "stereo_baseline_length" ,
            "registrationAuthorityId": "0001_NASA_PDS_1" ,
            "nameSpaceId": "img_surface" ,
            "steward": "img" ,
            "versionId": "1.14" ,
            "description": " The stereo_baseline_length attribute specifies the separation between the two cameras used for processing of the stereo image. " ,
            "isNillable": "false" ,
            "isEnumerated": "false" ,
            "isDeprecated": "false" ,
            "dataType": "ASCII_Real" ,
            "dataTypeId": "0001_NASA_PDS_1.pds.ASCII_Real" ,
            "minimumCharacters": "Unbounded" ,
            "maximumCharacters": "Unbounded" ,
            "minimumValue": "0" ,
            "maximumValue": "1.7976931348623157e308" ,
            "pattern": "null" ,
            "unitOfMeasure": "Units_of_Length" ,
            "unitOfMeasureId": "0001_NASA_PDS_1.pds.Units_of_Length" ,
            "unitId": "AU, Angstrom, cm, km, m, micrometer, mm, nm" ,
            "defaultUnitId": "null"
          }
        }
      , {
          "attribute": {
            "identifier": "0001_NASA_PDS_1.img_surface.Vector_Range_Origin.img_surface.x_position" ,
            "title": "x_position" ,
            "registrationAuthorityId": "0001_NASA_PDS_1" ,
            "nameSpaceId": "img_surface" ,
            "steward": "img" ,
            "versionId": "1.14" ,
            "description": "The x component of a Cartesian position vector." ,
            "isNillable": "false" ,
            "isEnumerated": "false" ,
            "isDeprecated": "false" ,
            "dataType": "ASCII_Real" ,
            "dataTypeId": "0001_NASA_PDS_1.pds.ASCII_Real" ,
            "minimumCharacters": "Unbounded" ,
            "maximumCharacters": "Unbounded" ,
            "minimumValue": "-1.7976931348623157e308" ,
            "maximumValue": "1.7976931348623157e308" ,
            "pattern": "null" ,
            "unitOfMeasure": "Units_of_Length" ,
            "unitOfMeasureId": "0001_NASA_PDS_1.pds.Units_of_Length" ,
            "unitId": "AU, Angstrom, cm, km, m, micrometer, mm, nm" ,
            "defaultUnitId": "null"
          }
        }
      , {
          "attribute": {
            "identifier": "0001_NASA_PDS_1.img_surface.Vector_Range_Origin.img_surface.y_position" ,
            "title": "y_position" ,
            "registrationAuthorityId": "0001_NASA_PDS_1" ,
            "nameSpaceId": "img_surface" ,
            "steward": "img" ,
            "versionId": "1.14" ,
            "description": "The y component of a Cartesian position vector." ,
            "isNillable": "false" ,
            "isEnumerated": "false" ,
            "isDeprecated": "false" ,
            "dataType": "ASCII_Real" ,
            "dataTypeId": "0001_NASA_PDS_1.pds.ASCII_Real" ,
            "minimumCharacters": "Unbounded" ,
            "maximumCharacters": "Unbounded" ,
            "minimumValue": "-1.7976931348623157e308" ,
            "maximumValue": "1.7976931348623157e308" ,
            "pattern": "null" ,
            "unitOfMeasure": "Units_of_Length" ,
            "unitOfMeasureId": "0001_NASA_PDS_1.pds.Units_of_Length" ,
            "unitId": "AU, Angstrom, cm, km, m, micrometer, mm, nm" ,
            "defaultUnitId": "null"
          }
        }
      , {
          "attribute": {
            "identifier": "0001_NASA_PDS_1.img_surface.Vector_Range_Origin.img_surface.z_position" ,
            "title": "z_position" ,
            "registrationAuthorityId": "0001_NASA_PDS_1" ,
            "nameSpaceId": "img_surface" ,
            "steward": "img" ,
            "versionId": "1.14" ,
            "description": "The z component of a Cartesian position vector." ,
            "isNillable": "false" ,
            "isEnumerated": "false" ,
            "isDeprecated": "false" ,
            "dataType": "ASCII_Real" ,
            "dataTypeId": "0001_NASA_PDS_1.pds.ASCII_Real" ,
            "minimumCharacters": "Unbounded" ,
            "maximumCharacters": "Unbounded" ,
            "minimumValue": "-1.7976931348623157e308" ,
            "maximumValue": "1.7976931348623157e308" ,
            "pattern": "null" ,
            "unitOfMeasure": "Units_of_Length" ,
            "unitOfMeasureId": "0001_NASA_PDS_1.pds.Units_of_Length" ,
            "unitId": "AU, Angstrom, cm, km, m, micrometer, mm, nm" ,
            "defaultUnitId": "null"
          }
        }
      ]
    }
  }
]
